commentaire,idGroupe,idUtilisateur
"Something increase finish condition. Opportunity sport most. Skin several song.
Difference spring laugh only later. Fill model rich political. Generation turn begin rock stage yourself piece.",1,10
"Writer pick one consider street method. Ago safe enter you push weight else.
Shake change several build. Deal chance must imagine special production show.
Whole ahead difficult yourself. Early car painting number goal news on. Resource boy unit director.",5,3
"Five real stand picture. Feel talk picture computer return fast.
Model much strategy actually job. Arm science amount yet.
Tell white perform.
Hope fund establish. Water technology player hotel enough his success behavior.",1,9
"Unit thank maybe. Fill officer house writer sound.
Sit how local TV better central. Kind other better guy. Allow ok analysis heart health old team reveal.",4,2
"Sure happy court price region his. College finish notice.
House south own face analysis education imagine. Notice woman discover dinner. Including night attack agent.",10,4
"Sound full several small. Well high despite inside for treat.
I series police treat key lead. Score woman page color full hospital practice expert. Produce page election dream former.",8,1
Probably key large its. Price husband child push high. Budget position air rule accept. Take condition if ten.,10,6
"Such herself can land floor approach other. View agree thousand of down position list laugh. When always structure.
Resource film avoid spring agreement person picture. Voice employee tend cause friend cell visit reality. Wrong either including probably.",8,6
"Whatever deal president continue culture full. Message national arm radio table.
Fight baby whole. Prepare major range space. Quickly possible capital American right top themselves.
Reason according position outside. Perform low subject space.",5,10
"Direction best whether factor prevent child under. Card condition contain tough perhaps. Training bar firm actually again.
Knowledge trouble beat doctor girl born though between.",5,9
