id,Nom,Prenom,Email,Mdp,idLieu
1,Dunn,Janice,hahnscott@example.org,ZmeDeLnO,4
2,Gray,Paul,zmoore@example.com,WsVuiyld,2
3,Landry,Timothy,brendasantiago@example.com,pvaXKHcp,7
4,Hansen,Kelsey,wpatrick@example.net,NWFsmfqO,9
5,Reed,Carrie,joshuarobinson@example.net,NACCLeIR,9
6,Richmond,Wesley,thomas28@example.org,TSrqDVrY,5
7,Downs,Jordan,jared52@example.org,pFSUmXtM,6
8,Carlson,Anthony,justin98@example.org,lWWYdWsS,2
9,Stewart,Anthony,williamlittle@example.net,CCZrdCAW,4
10,Kaufman,Vincent,stoutmatthew@example.org,nvblKzhR,8
